[
    {
        "pk": 99, 
        "model": "auth.permission", 
        "fields": {
            "codename": "can_upload_for", 
            "name": "Can upload for other users", 
            "content_type": 24
        }
    },
    {
        "pk": 1, 
        "model": "auth.group", 
        "fields": {
            "name": "Sample_Course_Faculty", 
            "permissions": [
                34, 
                35, 
                36, 
                71, 
                72, 
                73, 
                74, 
                75, 
                76, 
                77, 
                78, 
                79, 
                4, 
                5, 
                6, 
                10, 
                11, 
                12, 
                1, 
                2, 
                3, 
                7, 
                8, 
                9, 
                43, 
                46, 
                44, 
                45, 
                47, 
                48, 
                49, 
                13, 
                14, 
                15, 
                22, 
                23, 
                24, 
                31, 
                32, 
                33, 
                28, 
                29, 
                30, 
                25, 
                26, 
                27, 
                80, 
                81, 
                82, 
                86, 
                83, 
                84, 
                85, 
                19, 
                20, 
                21, 
                68, 
                69, 
                70, 
                62, 
                63, 
                64, 
                65, 
                66, 
                67, 
                16, 
                17, 
                18, 
                53, 
                54, 
                55, 
                59, 
                60, 
                61, 
                56, 
                57, 
                58, 
                37, 
                38, 
                39, 
                40, 
                41, 
                42, 
                50, 
                51, 
                52
            ]
        }
    }, 
    {
        "pk": 2, 
        "model": "auth.group", 
        "fields": {
            "name": "Sample_Course_Students", 
            "permissions": []
        }
    }, 
    {
        "pk": 3, 
        "model": "auth.group", 
        "fields": {
            "name": "Alternate Course Members", 
            "permissions": []
        }
    }, 
    {
        "pk": 4, 
        "model": "auth.group", 
        "fields": {
            "name": "Alternate Course Faculty", 
            "permissions": []
        }
    }, 
    {
        "pk": 5, 
        "model": "auth.group", 
        "fields": {
            "name": "Teacher's Assistant", 
            "permissions": [
                99
            ]
        }
    }, 
    {
        "pk": 1, 
        "model": "auth.user", 
        "fields": {
            "username": "selenium", 
            "first_name": "", 
            "last_name": "", 
            "is_active": true, 
            "is_superuser": true, 
            "is_staff": true, 
            "last_login": "2012-12-14 14:53:12", 
            "groups": [], 
            "user_permissions": [], 
            "password": "sha1$03e73$f0d7f55609d802cc7e24c31bca9091b09ea310e7", 
            "email": "selenium@ccnmtl.columbia.edu", 
            "date_joined": "2012-04-21 08:28:13"
        }
    }, 
    {
        "pk": 2, 
        "model": "auth.user", 
        "fields": {
            "username": "test_instructor", 
            "first_name": "Instructor", 
            "last_name": "One", 
            "is_active": true, 
            "is_superuser": false, 
            "is_staff": false, 
            "last_login": "2012-12-01 11:57:24", 
            "groups": [
                1, 
                2
            ], 
            "user_permissions": [], 
            "password": "sha1$26134$97ef50a76b5bbfa21bf308637ca7d3f2efe0c995", 
            "email": "", 
            "date_joined": "2012-04-21 08:29:22"
        }
    }, 
    {
        "pk": 3, 
        "model": "auth.user", 
        "fields": {
            "username": "test_student_one", 
            "first_name": "Student", 
            "last_name": "One", 
            "is_active": true, 
            "is_superuser": false, 
            "is_staff": false, 
            "last_login": "2012-12-01 10:59:26", 
            "groups": [
                2
            ], 
            "user_permissions": [], 
            "password": "sha1$6bd4b$80001435b98c7005dcf3d94f00c132c6b38447a9", 
            "email": "", 
            "date_joined": "2012-04-21 08:29:45"
        }
    }, 
    {
        "pk": 4, 
        "model": "auth.user", 
        "fields": {
            "username": "test_student_two", 
            "first_name": "Student", 
            "last_name": "Two", 
            "is_active": true, 
            "is_superuser": false, 
            "is_staff": false, 
            "last_login": "2012-07-29 09:57:35", 
            "groups": [
                2
            ], 
            "user_permissions": [], 
            "password": "sha1$4c349$35250ab5720ba6d16f1dfab25559ee27d562e8ae", 
            "email": "", 
            "date_joined": "2012-04-21 08:30:02"
        }
    }, 
    {
        "pk": 5, 
        "model": "auth.user", 
        "fields": {
            "username": "test_student_three", 
            "first_name": "", 
            "last_name": "", 
            "is_active": true, 
            "is_superuser": false, 
            "is_staff": false, 
            "last_login": "2012-12-01 11:09:35", 
            "groups": [
                2, 
                3
            ], 
            "user_permissions": [], 
            "password": "sha1$3cd75$d91efff1e581f6ed6a5663761ec2d997e752b6eb", 
            "email": "", 
            "date_joined": "2012-09-15 08:51:46"
        }
    }, 
    {
        "pk": 6, 
        "model": "auth.user", 
        "fields": {
            "username": "test_instructor_alt", 
            "first_name": "", 
            "last_name": "", 
            "is_active": true, 
            "is_superuser": false, 
            "is_staff": false, 
            "last_login": "2012-12-01 11:08:08", 
            "groups": [
                3, 
                4
            ], 
            "user_permissions": [], 
            "password": "sha1$1db49$7efd2133c0100e5aed24de0080c883e27aec6e29", 
            "email": "", 
            "date_joined": "2012-09-15 08:52:30"
        }
    }, 
    {
        "pk": 7, 
        "model": "auth.user", 
        "fields": {
            "username": "test_student_alt", 
            "first_name": "", 
            "last_name": "", 
            "is_active": true, 
            "is_superuser": false, 
            "is_staff": false, 
            "last_login": "2012-09-15 08:56:21", 
            "groups": [
                3
            ], 
            "user_permissions": [], 
            "password": "sha1$48465$279290fe16e6e367fe7abaeece026ac628685d2d", 
            "email": "", 
            "date_joined": "2012-09-15 08:52:30"
        }
    }, 
    {
        "pk": 8, 
        "model": "auth.user", 
        "fields": {
            "username": "test_staff", 
            "first_name": "", 
            "last_name": "", 
            "is_active": true, 
            "is_superuser": false, 
            "is_staff": true, 
            "last_login": "2012-10-06 13:04:16", 
            "groups": [], 
            "user_permissions": [], 
            "password": "sha1$11b57$1502aadc812c8cf9e671800c0e5861490bba64b1", 
            "email": "", 
            "date_joined": "2012-10-06 13:04:16"
        }
    }, 
    {
        "pk": 9, 
        "model": "auth.user", 
        "fields": {
            "username": "test_ta", 
            "first_name": "Teacher's ", 
            "last_name": "Assistant", 
            "is_active": true, 
            "is_superuser": false, 
            "is_staff": false, 
            "last_login": "2012-10-06 13:05:39", 
            "groups": [
                2, 
                5
            ], 
            "user_permissions": [], 
            "password": "sha1$90f6e$17aedb174d31ba3d8195fb1c6183d15ccdc7b7f0", 
            "email": "", 
            "date_joined": "2012-10-06 13:04:59"
        }
    }, 
    {
        "pk": 10, 
        "model": "auth.user", 
        "fields": {
            "username": "test_instructor_two", 
            "first_name": "", 
            "last_name": "", 
            "is_active": true, 
            "is_superuser": false, 
            "is_staff": false, 
            "last_login": "2012-12-18 11:41:42", 
            "groups": [
                1, 
                2, 
                3, 
                4
            ], 
            "user_permissions": [], 
            "password": "sha1$38bcf$64ca5339edec9d8507b69789a0833745b94012f0", 
            "email": "", 
            "date_joined": "2012-11-18 09:26:19"
        }
    }, 
    {
        "pk": 1, 
        "model": "courseaffils.course", 
        "fields": {
            "faculty_group": 1, 
            "group": 2, 
            "title": "Sample Course"
        }
    }, 
    {
        "pk": 2, 
        "model": "courseaffils.course", 
        "fields": {
            "faculty_group": 4, 
            "group": 3, 
            "title": "Alternate Course"
        }
    },
    {
        "pk": 2, 
        "model": "structuredcollaboration.collaboration", 
        "fields": {
            "_order": 2, 
            "group": 3, 
            "context": null, 
            "title": "Alternate Course", 
            "_policy": null, 
            "object_pk": "2", 
            "_parent": null, 
            "user": null, 
            "content_type": 7, 
            "slug": "Alternate_Course"
        }
    }, 
    {
        "pk": 1, 
        "model": "structuredcollaboration.collaboration", 
        "fields": {
            "_order": 1, 
            "group": 2, 
            "context": null, 
            "title": "Sample Course", 
            "_policy": null, 
            "object_pk": "1", 
            "_parent": null, 
            "user": null, 
            "content_type": 7, 
            "slug": "Sample_Course"
        }
    },
    {
        "pk": 1, 
        "model": "main.usersetting", 
        "fields": {
            "user": 6, 
            "value": "true", 
            "name": "help_item_detail_view"
        }
    }, 
    {
        "pk": 2, 
        "model": "main.usersetting", 
        "fields": {
            "user": 3, 
            "value": "False", 
            "name": "help_homepage_classwork_column"
        }
    }, 
    {
        "pk": 3, 
        "model": "main.usersetting", 
        "fields": {
            "user": 5, 
            "value": "true", 
            "name": "help_item_detail_view"
        }
    }, 
    {
        "pk": 4, 
        "model": "main.usersetting", 
        "fields": {
            "user": 10, 
            "value": "False", 
            "name": "help_homepage_classwork_column"
        }
    }, 
    {
        "pk": 5, 
        "model": "main.usersetting", 
        "fields": {
            "user": 10, 
            "value": "False", 
            "name": "help_homepage_instructor_column"
        }
    }, 
    {
        "pk": 6, 
        "model": "main.usersetting", 
        "fields": {
            "user": 10, 
            "value": "true", 
            "name": "help_item_detail_view"
        }
    }, 
    {
        "pk": 1, 
        "model": "assetmgr.asset", 
        "fields": {
            "added": "2012-05-12 12:31:20", 
            "title": "Mediathread: Introduction", 
            "metadata_blob": "{\"category\": [\"Education\"], \"description\": [\"Mediathread is CCNMTL's innovative, open-source platform for exploration, analysis, and organization of web-based multimedia content. Mediathread connects to a variety of image and video collections (such as YouTube, Flickr, library databases, and course libraries), enabling users to lift items out of these collections and into an analysis environment. In Mediathread, items can then be clipped, annotated, organized, and embedded into essays and other written analysis.\"], \"author\": [\"CCNMTL\"], \"youtube_link\": [\"http://www.youtube.com/watch?v=7KjzRG8zYYo\"], \"author_uri\": [\"http://gdata.youtube.com/feeds/api/users/CCNMTL\"], \"published\": [\"2012-02-09T00:46:25.000Z\"]}", 
            "author": 2, 
            "modified": "2012-05-12 12:31:20", 
            "course": 1, 
            "active": true
        }
    }, 
    {
        "pk": 2, 
        "model": "assetmgr.asset", 
        "fields": {
            "added": "2012-05-12 12:44:24", 
            "title": "MAAP Award Reception", 
            "metadata_blob": "", 
            "author": 2, 
            "modified": "2012-05-12 12:44:24", 
            "course": 1, 
            "active": true
        }
    }, 
    {
        "pk": 3, 
        "model": "assetmgr.asset", 
        "fields": {
            "added": "2012-05-12 12:58:17", 
            "title": "The Armory - Home to CCNMTL'S CUMC Office", 
            "metadata_blob": "", 
            "author": 2, 
            "modified": "2012-05-12 12:58:17", 
            "course": 1, 
            "active": true
        }
    }, 
    {
        "pk": 4, 
        "model": "assetmgr.asset", 
        "fields": {
            "added": "2012-09-15 08:53:57", 
            "title": "Design Research", 
            "metadata_blob": "", 
            "author": 6, 
            "modified": "2012-09-15 08:53:57", 
            "course": 2, 
            "active": true
        }
    }, 
    {
        "pk": 5, 
        "model": "assetmgr.asset", 
        "fields": {
            "added": "2012-12-18 11:47:04", 
            "title": "Project Portfolio", 
            "metadata_blob": "", 
            "author": 10, 
            "modified": "2012-12-18 11:47:04", 
            "course": 1, 
            "active": true
        }
    }, 
    {
        "pk": 1, 
        "model": "assetmgr.source", 
        "fields": {
            "url": "http://www.youtube.com/watch?v=7KjzRG8zYYo&list=%2Fwatch%3Fv%3D7KjzRG8zYYo&list=UU6Qe9fItsCXSWWwiLeN_tBA&index=0&feature=plcp", 
            "primary": false, 
            "label": "url", 
            "width": 0, 
            "asset": 1, 
            "modified": "2012-05-12 12:31:20", 
            "media_type": null, 
            "height": 0, 
            "size": 0
        }
    }, 
    {
        "pk": 2, 
        "model": "assetmgr.source", 
        "fields": {
            "url": "http://gdata.youtube.com/feeds/api/videos/7KjzRG8zYYo", 
            "primary": false, 
            "label": "gdata", 
            "width": 0, 
            "asset": 1, 
            "modified": "2012-05-12 12:31:20", 
            "media_type": null, 
            "height": 0, 
            "size": 0
        }
    }, 
    {
        "pk": 3, 
        "model": "assetmgr.source", 
        "fields": {
            "url": "http://www.youtube.com/v/7KjzRG8zYYo?enablejsapi=1&fs=1", 
            "primary": true, 
            "label": "youtube", 
            "width": 0, 
            "asset": 1, 
            "modified": "2012-05-12 12:31:20", 
            "media_type": null, 
            "height": 0, 
            "size": 0
        }
    }, 
    {
        "pk": 4, 
        "model": "assetmgr.source", 
        "fields": {
            "url": "http://localhost:8002/site_media/img/test/mediathread_introduction_thumb.jpg", 
            "primary": false, 
            "label": "thumb", 
            "width": 120, 
            "asset": 1, 
            "modified": "2012-05-12 12:31:20", 
            "media_type": null, 
            "height": 90, 
            "size": 0
        }
    }, 
    {
        "pk": 5, 
        "model": "assetmgr.source", 
        "fields": {
            "url": "bookmarklet", 
            "primary": false, 
            "label": "asset-source", 
            "width": 0, 
            "asset": 1, 
            "modified": "2012-05-12 12:31:20", 
            "media_type": null, 
            "height": 0, 
            "size": 0
        }
    }, 
    {
        "pk": 6, 
        "model": "assetmgr.source", 
        "fields": {
            "url": "http://www.flickr.com/photos/ccnmtl/4049410921/", 
            "primary": false, 
            "label": "url", 
            "width": 0, 
            "asset": 2, 
            "modified": "2012-05-12 12:44:24", 
            "media_type": null, 
            "height": 0, 
            "size": 0
        }
    }, 
    {
        "pk": 7, 
        "model": "assetmgr.source", 
        "fields": {
            "url": "http://localhost:8002/site_media/img/test/maap.jpg", 
            "primary": true, 
            "label": "image", 
            "width": 2816, 
            "asset": 2, 
            "modified": "2012-05-12 12:44:24", 
            "media_type": null, 
            "height": 2112, 
            "size": 0
        }
    }, 
    {
        "pk": 8, 
        "model": "assetmgr.source", 
        "fields": {
            "url": "http://localhost:8002/site_media/img/test/maap_thumb.jpg", 
            "primary": false, 
            "label": "thumb", 
            "width": 0, 
            "asset": 2, 
            "modified": "2012-05-12 12:44:24", 
            "media_type": null, 
            "height": 0, 
            "size": 0
        }
    }, 
    {
        "pk": 10, 
        "model": "assetmgr.source", 
        "fields": {
            "url": "bookmarklet", 
            "primary": false, 
            "label": "asset-source", 
            "width": 0, 
            "asset": 2, 
            "modified": "2012-05-12 12:44:24", 
            "media_type": null, 
            "height": 0, 
            "size": 0
        }
    }, 
    {
        "pk": 11, 
        "model": "assetmgr.source", 
        "fields": {
            "url": "http://www.flickr.com/photos/ccnmtl/3308199560/", 
            "primary": false, 
            "label": "url", 
            "width": 0, 
            "asset": 3, 
            "modified": "2012-05-12 12:58:17", 
            "media_type": null, 
            "height": 0, 
            "size": 0
        }
    }, 
    {
        "pk": 12, 
        "model": "assetmgr.source", 
        "fields": {
            "url": "http://localhost:8002/site_media/img/test/armory.jpg/", 
            "primary": true, 
            "label": "image", 
            "width": 1430, 
            "asset": 3, 
            "modified": "2012-05-12 12:58:17", 
            "media_type": null, 
            "height": 703, 
            "size": 0
        }
    }, 
    {
        "pk": 13, 
        "model": "assetmgr.source", 
        "fields": {
            "url": "http://localhost:8002/site_media/img/test/armory_thumb.jpg", 
            "primary": false, 
            "label": "thumb", 
            "width": 0, 
            "asset": 3, 
            "modified": "2012-05-12 12:58:17", 
            "media_type": null, 
            "height": 0, 
            "size": 0
        }
    }, 
    {
        "pk": 15, 
        "model": "assetmgr.source", 
        "fields": {
            "url": "bookmarklet", 
            "primary": false, 
            "label": "asset-source", 
            "width": 0, 
            "asset": 3, 
            "modified": "2012-05-12 12:58:17", 
            "media_type": null, 
            "height": 0, 
            "size": 0
        }
    }, 
    {
        "pk": 16, 
        "model": "assetmgr.source", 
        "fields": {
            "url": "http://ccnmtl.columbia.edu/", 
            "primary": false, 
            "label": "url", 
            "width": 0, 
            "asset": 4, 
            "modified": "2012-09-15 08:53:57", 
            "media_type": null, 
            "height": 0, 
            "size": 0
        }
    }, 
    {
        "pk": 17, 
        "model": "assetmgr.source", 
        "fields": {
            "url": "http://localhost:8002/site_media/img/test/dr.jpg", 
            "primary": true, 
            "label": "image", 
            "width": 768, 
            "asset": 4, 
            "modified": "2012-09-15 08:53:57", 
            "media_type": null, 
            "height": 230, 
            "size": 0
        }
    }, 
    {
        "pk": 18, 
        "model": "assetmgr.source", 
        "fields": {
            "url": "bookmarklet", 
            "primary": false, 
            "label": "asset-source", 
            "width": 0, 
            "asset": 4, 
            "modified": "2012-09-15 08:53:57", 
            "media_type": null, 
            "height": 0, 
            "size": 0
        }
    }, 
    {
        "pk": 19, 
        "model": "assetmgr.source", 
        "fields": {
            "url": "http://ccnmtl.columbia.edu/", 
            "primary": false, 
            "label": "url", 
            "width": 0, 
            "asset": 5, 
            "modified": "2012-12-18 11:47:04", 
            "media_type": null, 
            "height": 0, 
            "size": 0
        }
    }, 
    {
        "pk": 20, 
        "model": "assetmgr.source", 
        "fields": {
            "url": "http://localhost:8002/site_media/img/test/portfolio.jpg", 
            "primary": true, 
            "label": "image", 
            "width": 768, 
            "asset": 5, 
            "modified": "2012-12-18 11:47:04", 
            "media_type": null, 
            "height": 230, 
            "size": 0
        }
    }, 
    {
        "pk": 21, 
        "model": "assetmgr.source", 
        "fields": {
            "url": "bookmarklet", 
            "primary": false, 
            "label": "asset-source", 
            "width": 0, 
            "asset": 5, 
            "modified": "2012-12-18 11:47:04", 
            "media_type": null, 
            "height": 0, 
            "size": 0
        }
    }, 
    {
        "pk": 1, 
        "model": "assetmgr.supportedsource", 
        "fields": {
            "archive_url": "http://youtube.com", 
            "description": "The largest collection of video on the web, where you can also upload video yourself.", 
            "thumb_url": "/site_media/img/thumbs/youtube.jpg", 
            "title": "You Tube"
        }
    }, 
    {
        "pk": 1, 
        "model": "djangosherd.annotation", 
        "fields": {
            "range2": null, 
            "range1": null, 
            "annotation_data": null
        }
    }, 
    {
        "pk": 2, 
        "model": "djangosherd.annotation", 
        "fields": {
            "range2": 39.0, 
            "range1": 28.0, 
            "annotation_data": "{\"startCode\":\"00:00:28\",\"endCode\":\"00:00:39\",\"duration\":0,\"timeScale\":1,\"start\":28,\"end\":39}"
        }
    }, 
    {
        "pk": 3, 
        "model": "djangosherd.annotation", 
        "fields": {
            "range2": 75.0, 
            "range1": 43.0, 
            "annotation_data": "{\"startCode\":\"00:00:43\",\"endCode\":\"00:01:15\",\"duration\":0,\"timeScale\":1,\"start\":43,\"end\":75}"
        }
    }, 
    {
        "pk": 4, 
        "model": "djangosherd.annotation", 
        "fields": {
            "range2": null, 
            "range1": null, 
            "annotation_data": null
        }
    }, 
    {
        "pk": 5, 
        "model": "djangosherd.annotation", 
        "fields": {
            "range2": 23.0, 
            "range1": -4.5, 
            "annotation_data": "{\"geometry\":{\"type\":\"Polygon\",\"coordinates\":[[[-108,-22],[-108,68],[98.99999999999999,68],[98.99999999999999,-22],[-108,-22]]]},\"default\":false,\"x\":-4.5,\"y\":23,\"zoom\":1,\"extent\":[-120,-90,120,90]}"
        }
    }, 
    {
        "pk": 6, 
        "model": "djangosherd.annotation", 
        "fields": {
            "range2": null, 
            "range1": null, 
            "annotation_data": null
        }
    }, 
    {
        "pk": 7, 
        "model": "djangosherd.annotation", 
        "fields": {
            "range2": 0.0, 
            "range1": 0.0, 
            "annotation_data": "{\"geometry\":{\"type\":\"Polygon\",\"coordinates\":[[[-167.5,2],[-167.5,80.5],[-95.5,80.5],[-95.5,2],[-167.5,2]]]},\"default\":false,\"x\":0,\"y\":0,\"zoom\":2,\"extent\":[-180,-89,180,89]}"
        }
    }, 
    {
        "pk": 8, 
        "model": "djangosherd.annotation", 
        "fields": {
            "range2": 0.0, 
            "range1": 0.0, 
            "annotation_data": "{\"geometry\":{\"type\":\"Polygon\",\"coordinates\":[[[-58,-90],[-58,-14],[49,-14],[49,-90],[-58,-90]]]},\"default\":false,\"x\":0,\"y\":0,\"zoom\":2,\"extent\":[-120,-90,120,90]}"
        }
    }, 
    {
        "pk": 9, 
        "model": "djangosherd.annotation", 
        "fields": {
            "range2": null, 
            "range1": null, 
            "annotation_data": null
        }
    }, 
    {
        "pk": 10, 
        "model": "djangosherd.annotation", 
        "fields": {
            "range2": 0.0, 
            "range1": 0.0, 
            "annotation_data": "{\"geometry\":{\"type\":\"Polygon\",\"coordinates\":[[[38.5,-91],[38.5,2.5],[61.5,2.500000000000007],[61.5,-91],[38.5,-91]]]},\"default\":false,\"x\":0,\"y\":0,\"zoom\":2,\"extent\":[-120,-90,120,90]}"
        }
    }, 
    {
        "pk": 11, 
        "model": "djangosherd.annotation", 
        "fields": {
            "range2": null, 
            "range1": null, 
            "annotation_data": null
        }
    }, 
    {
        "pk": 12, 
        "model": "djangosherd.annotation", 
        "fields": {
            "range2": null, 
            "range1": null, 
            "annotation_data": null
        }
    }, 
    {
        "pk": 13, 
        "model": "djangosherd.annotation", 
        "fields": {
            "range2": -9.25, 
            "range1": 33.375, 
            "annotation_data": "{\"geometry\":{\"type\":\"Polygon\",\"coordinates\":[[[14.249999999999993,-17.512500762939],[14.249999999999993,17.112499237061],[60.375,17.112499237061],[60.375000000000014,-17.512500762939],[14.249999999999993,-17.512500762939]]]},\"default\":false,\"x\":33.375,\"y\":-9.25,\"zoom\":4,\"extent\":[-180,-54,180,54]}"
        }
    }, 
    {
        "pk": 14, 
        "model": "djangosherd.annotation", 
        "fields": {
            "range2": 6.75, 
            "range1": 116.25, 
            "annotation_data": "{\"geometry\":{\"type\":\"Polygon\",\"coordinates\":[[[101,0.22499847412108664],[101,44.224998474120994],[142.25,44.22499847412101],[142.25,0.22499847412108664],[101,0.22499847412108664]]]},\"default\":false,\"x\":116.25,\"y\":6.75,\"zoom\":3,\"extent\":[-180,-54,180,54]}"
        }
    }, 
    {
        "pk": 15, 
        "model": "djangosherd.annotation", 
        "fields": {
            "range2": 0.0, 
            "range1": 0.0, 
            "annotation_data": "{\"default\":true,\"x\":0,\"y\":0,\"zoom\":1,\"extent\":[-180,-54,180,54]}"
        }
    }, 
    {
        "pk": 16, 
        "model": "djangosherd.annotation", 
        "fields": {
            "range2": null, 
            "range1": null, 
            "annotation_data": null
        }
    }, 
    {
        "pk": 17, 
        "model": "djangosherd.annotation", 
        "fields": {
            "range2": 0.0, 
            "range1": 0.0, 
            "annotation_data": "{\"startCode\":\"00:00:00\",\"endCode\":\"00:00:00\",\"duration\":0,\"timeScale\":1,\"start\":0,\"end\":0}"
        }
    }, 
    {
        "pk": 18, 
        "model": "djangosherd.annotation", 
        "fields": {
            "range2": null, 
            "range1": null, 
            "annotation_data": null
        }
    }, 
    {
        "pk": 19, 
        "model": "djangosherd.annotation", 
        "fields": {
            "range2": 120.0, 
            "range1": 60.0, 
            "annotation_data": "{\"startCode\":\"00:01:00\",\"endCode\":\"00:02:00\",\"duration\":171,\"timeScale\":1,\"start\":60,\"end\":120}"
        }
    }, 
    {
        "pk": 20, 
        "model": "djangosherd.annotation", 
        "fields": {
            "range2": null, 
            "range1": null, 
            "annotation_data": null
        }
    }, 
    {
        "pk": 1, 
        "model": "djangosherd.sherdnote", 
        "fields": {
            "body": "All credit to Mark and Casey", 
            "added": "2012-05-12 12:32:07", 
            "author": 2, 
            "tags": ",youtube, test_instructor_item", 
            "modified": "2012-12-01 11:57:53", 
            "asset": 1, 
            "title": null
        }
    }, 
    {
        "pk": 2, 
        "model": "djangosherd.sherdnote", 
        "fields": {
            "body": null, 
            "added": "2012-05-12 12:37:15", 
            "author": 2, 
            "tags": ",video", 
            "modified": "2012-05-12 12:51:22", 
            "asset": 1, 
            "title": "Manage Sources"
        }
    }, 
    {
        "pk": 3, 
        "model": "djangosherd.sherdnote", 
        "fields": {
            "body": null, 
            "added": "2012-05-12 12:38:33", 
            "author": 2, 
            "tags": ",video", 
            "modified": "2012-05-12 12:51:30", 
            "asset": 1, 
            "title": "Annotations"
        }
    }, 
    {
        "pk": 4, 
        "model": "djangosherd.sherdnote", 
        "fields": {
            "body": "instructor one item note", 
            "added": "2012-05-12 12:47:33", 
            "author": 2, 
            "tags": ",flickr, instructor_one", 
            "modified": "2012-07-29 09:57:23", 
            "asset": 2, 
            "title": null
        }
    }, 
    {
        "pk": 5, 
        "model": "djangosherd.sherdnote", 
        "fields": {
            "body": "instructor one selection note", 
            "added": "2012-05-12 12:51:04", 
            "author": 2, 
            "tags": ",image, instructor_one_selection, ", 
            "modified": "2012-07-29 09:57:15", 
            "asset": 2, 
            "title": "Our esteemed leaders"
        }
    }, 
    {
        "pk": 6, 
        "model": "djangosherd.sherdnote", 
        "fields": {
            "body": "This is for deletion purposes", 
            "added": "2012-05-12 12:58:33", 
            "author": 2, 
            "tags": ",flickr", 
            "modified": "2012-05-12 12:58:33", 
            "asset": 3, 
            "title": null
        }
    }, 
    {
        "pk": 7, 
        "model": "djangosherd.sherdnote", 
        "fields": {
            "body": "This is for deletion.", 
            "added": "2012-05-12 12:58:49", 
            "author": 2, 
            "tags": ",image", 
            "modified": "2012-05-12 12:58:49", 
            "asset": 3, 
            "title": "Left Corner"
        }
    }, 
    {
        "pk": 8, 
        "model": "djangosherd.sherdnote", 
        "fields": {
            "body": "student one selection note", 
            "added": "2012-07-29 09:56:02", 
            "author": 3, 
            "tags": ",student_one_selection", 
            "modified": "2012-07-29 09:56:02", 
            "asset": 2, 
            "title": "The Award"
        }
    }, 
    {
        "pk": 9, 
        "model": "djangosherd.sherdnote", 
        "fields": {
            "body": "student one item note", 
            "added": "2012-07-29 09:56:02", 
            "author": 3, 
            "tags": ",student_one_item", 
            "modified": "2012-07-29 09:56:14", 
            "asset": 2, 
            "title": null
        }
    }, 
    {
        "pk": 10, 
        "model": "djangosherd.sherdnote", 
        "fields": {
            "body": "student two selection note", 
            "added": "2012-07-29 09:58:30", 
            "author": 4, 
            "tags": ",student_two_selection", 
            "modified": "2012-07-29 09:58:30", 
            "asset": 2, 
            "title": "Nice Tie"
        }
    }, 
    {
        "pk": 11, 
        "model": "djangosherd.sherdnote", 
        "fields": {
            "body": "student two item note", 
            "added": "2012-07-29 09:58:30", 
            "author": 4, 
            "tags": ",student_two_item", 
            "modified": "2012-07-29 09:58:39", 
            "asset": 2, 
            "title": null
        }
    }, 
    {
        "pk": 12, 
        "model": "djangosherd.sherdnote", 
        "fields": {
            "body": null, 
            "added": "2012-09-15 08:53:57", 
            "author": 6, 
            "tags": "", 
            "modified": "2012-09-15 08:53:57", 
            "asset": 4, 
            "title": null
        }
    }, 
    {
        "pk": 13, 
        "model": "djangosherd.sherdnote", 
        "fields": {
            "body": "Lorem ipsum dolor sit amet, consectetur adipiscing elit.", 
            "added": "2012-09-15 08:55:29", 
            "author": 6, 
            "tags": ",research", 
            "modified": "2012-09-15 08:55:29", 
            "asset": 4, 
            "title": "Research and Evaluation"
        }
    }, 
    {
        "pk": 14, 
        "model": "djangosherd.sherdnote", 
        "fields": {
            "body": "Phasellus sed purus et nibh vehicula scelerisque at quis orci. Cum sociis natoque penatibus et magnis dis parturient montes, nascetur ridiculus mus. Sed dui orci, consequat in fermentum vel, congue eu nulla. ", 
            "added": "2012-09-15 08:56:00", 
            "author": 6, 
            "tags": ",tag1", 
            "modified": "2012-09-15 08:56:00", 
            "asset": 4, 
            "title": "Curricular Context"
        }
    }, 
    {
        "pk": 15, 
        "model": "djangosherd.sherdnote", 
        "fields": {
            "body": null, 
            "added": "2012-12-01 11:01:01", 
            "author": 5, 
            "tags": ",test_student_three", 
            "modified": "2012-12-01 11:01:01", 
            "asset": 4, 
            "title": "Whole Item Selection"
        }
    }, 
    {
        "pk": 16, 
        "model": "djangosherd.sherdnote", 
        "fields": {
            "body": "student three item note", 
            "added": "2012-12-01 11:01:01", 
            "author": 5, 
            "tags": ",student_three_item", 
            "modified": "2012-12-01 11:10:47", 
            "asset": 4, 
            "title": null
        }
    }, 
    {
        "pk": 17, 
        "model": "djangosherd.sherdnote", 
        "fields": {
            "body": null, 
            "added": "2012-12-01 11:58:08", 
            "author": 2, 
            "tags": ",test_instructor_selection", 
            "modified": "2012-12-01 11:58:08", 
            "asset": 1, 
            "title": "Whole Item Selection"
        }
    }, 
    {
        "pk": 18, 
        "model": "djangosherd.sherdnote", 
        "fields": {
            "body": null, 
            "added": "2012-12-18 11:47:04", 
            "author": 10, 
            "tags": "", 
            "modified": "2012-12-18 11:47:04", 
            "asset": 5, 
            "title": null
        }
    }, 
    {
        "pk": 19, 
        "model": "djangosherd.sherdnote", 
        "fields": {
            "body": null, 
            "added": "2012-12-18 11:49:21", 
            "author": 10, 
            "tags": ",test_instructor_two", 
            "modified": "2012-12-18 11:49:21", 
            "asset": 1, 
            "title": "Video Selection Is Time-based"
        }
    }, 
    {
        "pk": 20, 
        "model": "djangosherd.sherdnote", 
        "fields": {
            "body": "test_instructor_two notes", 
            "added": "2012-12-18 11:49:22", 
            "author": 10, 
            "tags": ",test_instructor_two", 
            "modified": "2012-12-18 11:49:22", 
            "asset": 1, 
            "title": null
        }
    }
]